Issue,EventId,Cur,Event,Period,Date,Time,PreviousRaw,PriorActual,PreviousEffective,Details
previous_missing_filled,EUR::italian industrial new orders::m/m,EUR,Italian Industrial New Orders (MoM),,2011-05-20,19:00,,1.39%,1.39%,
previous_missing_filled,EUR::ecb president trichet speaks::none,EUR,ECB President Trichet Speaks,,2011-01-07,17:00,,0.00,0.00,
previous_missing_filled,EUR::ecb president trichet speaks::none,EUR,ECB President Trichet Speaks,,2011-01-10,20:00,,0.00,0.00,
previous_missing_filled,EUR::ecb president trichet speaks::none,EUR,ECB President Trichet Speaks,,2011-02-02,00:15,,0.00,0.00,
previous_missing_filled,EUR::ecb president trichet speaks::none,EUR,ECB President Trichet Speaks,,2011-02-04,19:30,,0.00,0.00,
previous_missing_filled,EUR::ecb president trichet speaks::none,EUR,ECB President Trichet Speaks,,2011-02-07,22:00,,0.00,0.00,
previous_missing_filled,EUR::ecb president trichet speaks::none,EUR,ECB President Trichet Speaks,,2011-02-12,01:30,,0.00,0.00,
previous_missing_filled,EUR::ecb president trichet speaks::none,EUR,ECB President Trichet Speaks,,2011-02-14,01:00,,0.00,0.00,
previous_missing_filled,EUR::ecb president trichet speaks::none,EUR,ECB President Trichet Speaks,,2011-02-24,01:00,,0.00,0.00,
previous_missing_filled,EUR::ecb president trichet speaks::none,EUR,ECB President Trichet Speaks,,2011-03-04,23:25,,0.00,0.00,
previous_missing_filled,EUR::ecb president trichet speaks::none,EUR,ECB President Trichet Speaks,,2011-03-07,20:00,,0.00,0.00,
previous_missing_filled,EUR::ecb president trichet speaks::none,EUR,ECB President Trichet Speaks,,2011-03-21,22:00,,0.00,0.00,
previous_missing_filled,EUR::ecb president trichet speaks::none,EUR,ECB President Trichet Speaks,,2011-03-28,23:00,,0.00,0.00,
previous_missing_filled,EUR::ecb president trichet speaks::none,EUR,ECB President Trichet Speaks,,2011-03-31,11:15,,0.00,0.00,
previous_missing_filled,EUR::ecb president trichet speaks::none,EUR,ECB President Trichet Speaks,,2011-05-02,17:00,,0.00,0.00,
previous_missing_filled,EUR::ecb president trichet speaks::none,EUR,ECB President Trichet Speaks,,2011-05-06,00:45,,0.00,0.00,
previous_missing_filled,EUR::ecb president trichet speaks::none,EUR,ECB President Trichet Speaks,,2011-05-13,16:00,,0.00,0.00,
previous_missing_filled,EUR::ecb president trichet speaks::none,EUR,ECB President Trichet Speaks,,2011-05-19,21:00,,0.00,0.00,
previous_missing_filled,EUR::ecb president trichet speaks::none,EUR,ECB President Trichet Speaks,,2011-05-26,17:20,,0.00,0.00,
previous_missing_filled,EUR::ecb president trichet speaks::none,EUR,ECB President Trichet Speaks,,2011-06-02,17:15,,0.00,0.00,
previous_missing_filled,EUR::ecb president trichet speaks::none,EUR,ECB President Trichet Speaks,,2011-06-10,14:50,,0.00,0.00,
previous_missing_filled,EUR::ecb president trichet speaks::none,EUR,ECB President Trichet Speaks,,2011-06-13,21:00,,0.00,0.00,
previous_missing_filled,EUR::ecb president trichet speaks::none,EUR,ECB President Trichet Speaks,,2011-06-17,08:00,,0.00,0.00,
previous_missing_filled,EUR::ecb president trichet speaks::none,EUR,ECB President Trichet Speaks,,2011-06-19,17:00,,0.00,0.00,
previous_missing_filled,EUR::ecb president trichet speaks::none,EUR,ECB President Trichet Speaks,,2011-06-24,00:00,,0.00,0.00,
previous_missing_filled,EUR::ecb president trichet speaks::none,EUR,ECB President Trichet Speaks,,2011-06-29,02:45,,0.00,0.00,
previous_missing_filled,EUR::ecb president trichet speaks::none,EUR,ECB President Trichet Speaks,,2011-06-30,15:00,,0.00,0.00,
previous_missing_filled,EUR::ecb president trichet speaks::none,EUR,ECB President Trichet Speaks,,2011-07-10,19:00,,0.00,0.00,
previous_missing_filled,EUR::ecb president trichet speaks::none,EUR,ECB President Trichet Speaks,,2011-08-27,22:25,,0.00,0.00,
previous_missing_filled,EUR::ecb president trichet speaks::none,EUR,ECB President Trichet Speaks,,2011-08-29,21:00,,0.00,0.00,
previous_missing_filled,EUR::ecb president trichet speaks::none,EUR,ECB President Trichet Speaks,,2011-09-12,06:00,,0.00,0.00,
previous_missing_filled,EUR::ecb president trichet speaks::none,EUR,ECB President Trichet Speaks,,2011-09-16,02:00,,0.00,0.00,
previous_missing_filled,EUR::ecb president trichet speaks::none,EUR,ECB President Trichet Speaks,,2011-09-24,04:30,,0.00,0.00,
previous_missing_filled,EUR::ecb president trichet speaks::none,EUR,ECB President Trichet Speaks,,2011-09-25,07:00,,0.00,0.00,
previous_missing_filled,EUR::ecb president trichet speaks::none,EUR,ECB President Trichet Speaks,,2011-10-04,21:00,,0.00,0.00,
previous_missing_filled,EUR::ecb president trichet speaks::none,EUR,ECB President Trichet Speaks,,2011-10-11,15:30,,0.00,0.00,
previous_missing_filled,EUR::ecb president trichet speaks::none,EUR,ECB President Trichet Speaks,,2011-10-13,02:30,,0.00,0.00,
previous_missing_filled,EUR::ecb president trichet speaks::none,EUR,ECB President Trichet Speaks,,2011-10-21,15:40,,0.00,0.00,
previous_missing_filled,EUR::ecb president trichet speaks::none,EUR,ECB President Trichet Speaks,,2011-10-25,00:15,,0.00,0.00,
previous_missing_filled,USD::fed chairman bernanke speaks::none,USD,Fed Chairman Bernanke Speaks,,2011-01-14,02:00,,0.00,0.00,
previous_missing_filled,USD::fed chairman bernanke speaks::none,USD,Fed Chairman Bernanke Speaks,,2011-02-04,02:00,,0.00,0.00,
previous_missing_filled,USD::fed chairman bernanke speaks::none,USD,Fed Chairman Bernanke Speaks,,2011-02-18,21:00,,0.00,0.00,
previous_missing_filled,USD::fed chairman bernanke speaks::none,USD,Fed Chairman Bernanke Speaks,,2011-03-24,00:00,,0.00,0.00,
previous_missing_filled,USD::fed chairman bernanke speaks::none,USD,Fed Chairman Bernanke Speaks,,2011-04-05,07:15,,0.00,0.00,
previous_missing_filled,USD::fed chairman bernanke speaks::none,USD,Fed Chairman Bernanke Speaks,,2011-04-28,02:15,,0.00,0.00,
previous_missing_filled,USD::fed chairman bernanke speaks::none,USD,Fed Chairman Bernanke Speaks,,2011-04-30,00:30,,0.00,0.00,
previous_missing_filled,USD::fed chairman bernanke speaks::none,USD,Fed Chairman Bernanke Speaks,,2011-05-05,21:30,,0.00,0.00,
previous_missing_filled,USD::fed chairman bernanke speaks::none,USD,Fed Chairman Bernanke Speaks,,2011-05-16,21:00,,0.00,0.00,
previous_missing_filled,USD::fed chairman bernanke speaks::none,USD,Fed Chairman Bernanke Speaks,,2011-06-08,03:45,,0.00,0.00,
previous_missing_filled,USD::fed chairman bernanke speaks::none,USD,Fed Chairman Bernanke Speaks,,2011-06-15,02:30,,0.00,0.00,
previous_missing_filled,USD::fed chairman bernanke speaks::none,USD,Fed Chairman Bernanke Speaks,,2011-06-23,02:15,,0.00,0.00,
previous_missing_filled,USD::fed chairman bernanke speaks::none,USD,Fed Chairman Bernanke Speaks,,2011-08-26,22:00,,0.00,0.00,
previous_missing_filled,USD::fed chairman bernanke speaks::none,USD,Fed Chairman Bernanke Speaks,,2011-09-09,01:30,,0.00,0.00,
previous_missing_filled,USD::fed chairman bernanke speaks::none,USD,Fed Chairman Bernanke Speaks,,2011-09-15,20:45,,0.00,0.00,
previous_missing_filled,USD::fed chairman bernanke speaks::none,USD,Fed Chairman Bernanke Speaks,,2011-09-29,05:00,,0.00,0.00,
previous_missing_filled,USD::fed chairman bernanke speaks::none,USD,Fed Chairman Bernanke Speaks,,2011-10-19,01:15,,0.00,0.00,
previous_missing_filled,USD::fed chairman bernanke speaks::none,USD,Fed Chairman Bernanke Speaks,,2011-11-03,02:15,,0.00,0.00,
previous_missing_filled,USD::fed chairman bernanke speaks::none,USD,Fed Chairman Bernanke Speaks,,2011-11-09,22:30,,0.00,0.00,
previous_missing_filled,USD::fed chairman bernanke speaks::none,USD,Fed Chairman Bernanke Speaks,,2011-11-11,00:45,,0.00,0.00,
previous_missing_filled,USD::beige book::none,USD,Beige Book,,2011-01-13,03:00,,0.00,0.00,
previous_missing_filled,USD::beige book::none,USD,Beige Book,,2011-03-03,03:00,,0.00,0.00,
previous_missing_filled,USD::beige book::none,USD,Beige Book,,2011-04-14,02:00,,0.00,0.00,
previous_missing_filled,USD::beige book::none,USD,Beige Book,,2011-06-09,02:00,,0.00,0.00,
previous_missing_filled,USD::beige book::none,USD,Beige Book,,2011-07-28,02:00,,0.00,0.00,
previous_missing_filled,USD::beige book::none,USD,Beige Book,,2011-09-08,02:00,,0.00,0.00,
previous_missing_filled,USD::beige book::none,USD,Beige Book,,2011-10-20,02:00,,0.00,0.00,
previous_missing_filled,USD::beige book::none,USD,Beige Book,,2011-12-01,03:00,,0.00,0.00,
previous_missing_filled,JPY::monetary policy meeting minutes::none,JPY,Monetary Policy Meeting Minutes,,2011-01-28,07:50,,0.00,0.00,
previous_missing_filled,JPY::monetary policy meeting minutes::none,JPY,Monetary Policy Meeting Minutes,,2011-02-18,07:50,,0.00,0.00,
previous_missing_filled,JPY::monetary policy meeting minutes::none,JPY,Monetary Policy Meeting Minutes,,2011-03-18,07:50,,0.00,0.00,
previous_missing_filled,JPY::monetary policy meeting minutes::none,JPY,Monetary Policy Meeting Minutes,,2011-04-12,07:50,,0.00,0.00,
previous_missing_filled,JPY::monetary policy meeting minutes::none,JPY,Monetary Policy Meeting Minutes,,2011-05-09,07:50,,0.00,0.00,
previous_missing_filled,JPY::monetary policy meeting minutes::none,JPY,Monetary Policy Meeting Minutes,,2011-05-25,07:50,,0.00,0.00,
previous_missing_filled,JPY::monetary policy meeting minutes::none,JPY,Monetary Policy Meeting Minutes,,2011-06-17,07:50,,0.00,0.00,
previous_missing_filled,JPY::monetary policy meeting minutes::none,JPY,Monetary Policy Meeting Minutes,,2011-07-15,07:50,,0.00,0.00,
previous_missing_filled,JPY::monetary policy meeting minutes::none,JPY,Monetary Policy Meeting Minutes,,2011-08-09,07:50,,0.00,0.00,
previous_missing_filled,JPY::monetary policy meeting minutes::none,JPY,Monetary Policy Meeting Minutes,,2011-09-12,07:50,,0.00,0.00,
previous_missing_filled,JPY::monetary policy meeting minutes::none,JPY,Monetary Policy Meeting Minutes,,2011-10-13,07:50,,0.00,0.00,
previous_missing_filled,JPY::monetary policy meeting minutes::none,JPY,Monetary Policy Meeting Minutes,,2011-11-01,07:50,,0.00,0.00,
previous_missing_filled,JPY::monetary policy meeting minutes::none,JPY,Monetary Policy Meeting Minutes,,2011-11-21,07:50,,0.00,0.00,
previous_missing_filled,JPY::monetary policy meeting minutes::none,JPY,Monetary Policy Meeting Minutes,,2011-12-27,07:50,,0.00,0.00,
previous_missing_filled,USD::fomc meeting minutes::none,USD,FOMC Meeting Minutes,,2011-01-05,03:00,,0.00,0.00,
previous_missing_filled,USD::fomc meeting minutes::none,USD,FOMC Meeting Minutes,,2011-02-17,03:00,,0.00,0.00,
previous_missing_filled,USD::fomc meeting minutes::none,USD,FOMC Meeting Minutes,,2011-04-06,02:00,,0.00,0.00,
previous_missing_filled,USD::fomc meeting minutes::none,USD,FOMC Meeting Minutes,,2011-05-19,02:00,,0.00,0.00,
previous_missing_filled,USD::fomc meeting minutes::none,USD,FOMC Meeting Minutes,,2011-07-13,02:00,,0.00,0.00,
previous_missing_filled,USD::fomc meeting minutes::none,USD,FOMC Meeting Minutes,,2011-08-31,02:00,,0.00,0.00,
previous_missing_filled,USD::fomc meeting minutes::none,USD,FOMC Meeting Minutes,,2011-10-13,02:00,,0.00,0.00,
previous_missing_filled,USD::fomc meeting minutes::none,USD,FOMC Meeting Minutes,,2011-11-23,03:00,,0.00,0.00,
previous_missing_filled,AUD::rba bulletin::none,AUD,RBA Bulletin,,2011-03-17,08:30,,0.00,0.00,
previous_missing_filled,AUD::rba bulletin::none,AUD,RBA Bulletin,,2011-06-16,09:30,,0.00,0.00,
previous_missing_filled,AUD::rba bulletin::none,AUD,RBA Bulletin,,2011-09-15,09:30,,0.00,0.00,
previous_missing_filled,AUD::rba bulletin::none,AUD,RBA Bulletin,,2011-12-15,08:30,,0.00,0.00,
previous_missing_filled,GBP::boe mpc member sentance speaks::none,GBP,BoE MPC Member Sentance Speaks,,2011-01-25,02:00,,0.00,0.00,
previous_missing_filled,GBP::boe mpc member sentance speaks::none,GBP,BoE MPC Member Sentance Speaks,,2011-02-17,17:35,,0.00,0.00,
previous_missing_filled,GBP::boe mpc member sentance speaks::none,GBP,BoE MPC Member Sentance Speaks,,2011-03-22,22:00,,0.00,0.00,
previous_missing_filled,GBP::boe mpc member sentance speaks::none,GBP,BoE MPC Member Sentance Speaks,,2011-03-23,02:00,,0.00,0.00,
previous_missing_filled,GBP::boe mpc member sentance speaks::none,GBP,BoE MPC Member Sentance Speaks,,2011-04-26,20:50,,0.00,0.00,
previous_missing_filled,GBP::boe mpc member sentance speaks::none,GBP,BoE MPC Member Sentance Speaks,,2011-05-25,20:40,,0.00,0.00,
previous_missing_filled,CHF::snb board member jordan speaks::none,CHF,SNB Board Member Jordan Speaks,,2011-01-13,02:00,,0.00,0.00,
previous_missing_filled,CHF::snb board member jordan speaks::none,CHF,SNB Board Member Jordan Speaks,,2011-02-02,00:30,,0.00,0.00,
previous_missing_filled,CHF::snb board member jordan speaks::none,CHF,SNB Board Member Jordan Speaks,,2011-05-18,00:30,,0.00,0.00,
previous_missing_filled,CHF::snb board member jordan speaks::none,CHF,SNB Board Member Jordan Speaks,,2011-09-29,01:15,,0.00,0.00,
previous_missing_filled,CHF::snb board member jordan speaks::none,CHF,SNB Board Member Jordan Speaks,,2011-11-08,01:45,,0.00,0.00,
previous_missing_filled,CHF::snb board member jordan speaks::none,CHF,SNB Board Member Jordan Speaks,,2011-11-08,17:40,,0.00,0.00,
previous_missing_filled,JPY::boj monthly report::none,JPY,BoJ Monthly Report,,2011-01-26,13:00,,0.00,0.00,
previous_missing_filled,JPY::boj monthly report::none,JPY,BoJ Monthly Report,,2011-02-16,13:00,,0.00,0.00,
previous_missing_filled,JPY::boj monthly report::none,JPY,BoJ Monthly Report,,2011-03-16,13:00,,0.00,0.00,
previous_missing_filled,JPY::boj monthly report::none,JPY,BoJ Monthly Report,,2011-04-08,13:00,,0.00,0.00,
previous_missing_filled,JPY::boj monthly report::none,JPY,BoJ Monthly Report,,2011-05-23,13:00,,0.00,0.00,
previous_missing_filled,JPY::boj monthly report::none,JPY,BoJ Monthly Report,,2011-06-15,13:00,,0.00,0.00,
previous_missing_filled,JPY::boj monthly report::none,JPY,BoJ Monthly Report,,2011-07-13,13:00,,0.00,0.00,
previous_missing_filled,JPY::boj monthly report::none,JPY,BoJ Monthly Report,,2011-08-05,13:00,,0.00,0.00,
previous_missing_filled,JPY::boj monthly report::none,JPY,BoJ Monthly Report,,2011-09-08,13:00,,0.00,0.00,
previous_missing_filled,JPY::boj monthly report::none,JPY,BoJ Monthly Report,,2011-10-11,13:00,,0.00,0.00,
previous_missing_filled,JPY::boj monthly report::none,JPY,BoJ Monthly Report,,2011-11-17,13:00,,0.00,0.00,
previous_missing_filled,JPY::boj monthly report::none,JPY,BoJ Monthly Report,,2011-12-22,13:00,,0.00,0.00,
previous_missing_filled,EUR::spanish government budget balance::none,EUR,Spanish Government Budget Balance,,2011-06-04,13:00,,1.50B,1.50B,
stale_missing_actual_dropped,EUR::ecb president trichet speaks::none,EUR,ECB President Trichet Speaks,,2011-01-07,17:00,,,,"{""cutoff"": ""20-01-2026 20:56""}"
stale_missing_actual_dropped,EUR::ecb president trichet speaks::none,EUR,ECB President Trichet Speaks,,2011-01-10,20:00,,,,"{""cutoff"": ""20-01-2026 20:56""}"
stale_missing_actual_dropped,EUR::ecb president trichet speaks::none,EUR,ECB President Trichet Speaks,,2011-02-02,00:15,,,,"{""cutoff"": ""20-01-2026 20:56""}"
stale_missing_actual_dropped,EUR::ecb president trichet speaks::none,EUR,ECB President Trichet Speaks,,2011-02-04,19:30,,,,"{""cutoff"": ""20-01-2026 20:56""}"
stale_missing_actual_dropped,EUR::ecb president trichet speaks::none,EUR,ECB President Trichet Speaks,,2011-02-07,22:00,,,,"{""cutoff"": ""20-01-2026 20:56""}"
stale_missing_actual_dropped,EUR::ecb president trichet speaks::none,EUR,ECB President Trichet Speaks,,2011-02-12,01:30,,,,"{""cutoff"": ""20-01-2026 20:56""}"
stale_missing_actual_dropped,EUR::ecb president trichet speaks::none,EUR,ECB President Trichet Speaks,,2011-02-14,01:00,,,,"{""cutoff"": ""20-01-2026 20:56""}"
stale_missing_actual_dropped,EUR::ecb president trichet speaks::none,EUR,ECB President Trichet Speaks,,2011-02-24,01:00,,,,"{""cutoff"": ""20-01-2026 20:56""}"
stale_missing_actual_dropped,EUR::ecb president trichet speaks::none,EUR,ECB President Trichet Speaks,,2011-03-04,23:25,,,,"{""cutoff"": ""20-01-2026 20:56""}"
stale_missing_actual_dropped,EUR::ecb president trichet speaks::none,EUR,ECB President Trichet Speaks,,2011-03-07,20:00,,,,"{""cutoff"": ""20-01-2026 20:56""}"
stale_missing_actual_dropped,EUR::ecb president trichet speaks::none,EUR,ECB President Trichet Speaks,,2011-03-21,22:00,,,,"{""cutoff"": ""20-01-2026 20:56""}"
stale_missing_actual_dropped,EUR::ecb president trichet speaks::none,EUR,ECB President Trichet Speaks,,2011-03-28,23:00,,,,"{""cutoff"": ""20-01-2026 20:56""}"
stale_missing_actual_dropped,EUR::ecb president trichet speaks::none,EUR,ECB President Trichet Speaks,,2011-03-31,11:15,,,,"{""cutoff"": ""20-01-2026 20:56""}"
stale_missing_actual_dropped,EUR::ecb president trichet speaks::none,EUR,ECB President Trichet Speaks,,2011-05-02,17:00,,,,"{""cutoff"": ""20-01-2026 20:56""}"
stale_missing_actual_dropped,EUR::ecb president trichet speaks::none,EUR,ECB President Trichet Speaks,,2011-05-06,00:45,,,,"{""cutoff"": ""20-01-2026 20:56""}"
stale_missing_actual_dropped,EUR::ecb president trichet speaks::none,EUR,ECB President Trichet Speaks,,2011-05-13,16:00,,,,"{""cutoff"": ""20-01-2026 20:56""}"
stale_missing_actual_dropped,EUR::ecb president trichet speaks::none,EUR,ECB President Trichet Speaks,,2011-05-19,21:00,,,,"{""cutoff"": ""20-01-2026 20:56""}"
stale_missing_actual_dropped,EUR::ecb president trichet speaks::none,EUR,ECB President Trichet Speaks,,2011-05-26,17:20,,,,"{""cutoff"": ""20-01-2026 20:56""}"
stale_missing_actual_dropped,EUR::ecb president trichet speaks::none,EUR,ECB President Trichet Speaks,,2011-06-02,17:15,,,,"{""cutoff"": ""20-01-2026 20:56""}"
stale_missing_actual_dropped,EUR::ecb president trichet speaks::none,EUR,ECB President Trichet Speaks,,2011-06-10,14:50,,,,"{""cutoff"": ""20-01-2026 20:56""}"
stale_missing_actual_dropped,EUR::ecb president trichet speaks::none,EUR,ECB President Trichet Speaks,,2011-06-13,21:00,,,,"{""cutoff"": ""20-01-2026 20:56""}"
stale_missing_actual_dropped,EUR::ecb president trichet speaks::none,EUR,ECB President Trichet Speaks,,2011-06-17,08:00,,,,"{""cutoff"": ""20-01-2026 20:56""}"
stale_missing_actual_dropped,EUR::ecb president trichet speaks::none,EUR,ECB President Trichet Speaks,,2011-06-19,17:00,,,,"{""cutoff"": ""20-01-2026 20:56""}"
stale_missing_actual_dropped,EUR::ecb president trichet speaks::none,EUR,ECB President Trichet Speaks,,2011-06-24,00:00,,,,"{""cutoff"": ""20-01-2026 20:56""}"
stale_missing_actual_dropped,EUR::ecb president trichet speaks::none,EUR,ECB President Trichet Speaks,,2011-06-29,02:45,,,,"{""cutoff"": ""20-01-2026 20:56""}"
stale_missing_actual_dropped,EUR::ecb president trichet speaks::none,EUR,ECB President Trichet Speaks,,2011-06-30,15:00,,,,"{""cutoff"": ""20-01-2026 20:56""}"
stale_missing_actual_dropped,EUR::ecb president trichet speaks::none,EUR,ECB President Trichet Speaks,,2011-07-10,19:00,,,,"{""cutoff"": ""20-01-2026 20:56""}"
stale_missing_actual_dropped,EUR::ecb president trichet speaks::none,EUR,ECB President Trichet Speaks,,2011-08-27,22:25,,,,"{""cutoff"": ""20-01-2026 20:56""}"
stale_missing_actual_dropped,EUR::ecb president trichet speaks::none,EUR,ECB President Trichet Speaks,,2011-08-29,21:00,,,,"{""cutoff"": ""20-01-2026 20:56""}"
stale_missing_actual_dropped,EUR::ecb president trichet speaks::none,EUR,ECB President Trichet Speaks,,2011-09-12,06:00,,,,"{""cutoff"": ""20-01-2026 20:56""}"
stale_missing_actual_dropped,EUR::ecb president trichet speaks::none,EUR,ECB President Trichet Speaks,,2011-09-16,02:00,,,,"{""cutoff"": ""20-01-2026 20:56""}"
stale_missing_actual_dropped,EUR::ecb president trichet speaks::none,EUR,ECB President Trichet Speaks,,2011-09-24,04:30,,,,"{""cutoff"": ""20-01-2026 20:56""}"
stale_missing_actual_dropped,EUR::ecb president trichet speaks::none,EUR,ECB President Trichet Speaks,,2011-09-25,07:00,,,,"{""cutoff"": ""20-01-2026 20:56""}"
stale_missing_actual_dropped,EUR::ecb president trichet speaks::none,EUR,ECB President Trichet Speaks,,2011-10-04,21:00,,,,"{""cutoff"": ""20-01-2026 20:56""}"
stale_missing_actual_dropped,EUR::ecb president trichet speaks::none,EUR,ECB President Trichet Speaks,,2011-10-11,15:30,,,,"{""cutoff"": ""20-01-2026 20:56""}"
stale_missing_actual_dropped,EUR::ecb president trichet speaks::none,EUR,ECB President Trichet Speaks,,2011-10-13,02:30,,,,"{""cutoff"": ""20-01-2026 20:56""}"
stale_missing_actual_dropped,EUR::ecb president trichet speaks::none,EUR,ECB President Trichet Speaks,,2011-10-21,15:40,,,,"{""cutoff"": ""20-01-2026 20:56""}"
stale_missing_actual_dropped,EUR::ecb president trichet speaks::none,EUR,ECB President Trichet Speaks,,2011-10-25,00:15,,,,"{""cutoff"": ""20-01-2026 20:56""}"
stale_missing_actual_dropped,USD::fed chairman bernanke speaks::none,USD,Fed Chairman Bernanke Speaks,,2011-01-14,02:00,,,,"{""cutoff"": ""20-01-2026 20:56""}"
stale_missing_actual_dropped,USD::fed chairman bernanke speaks::none,USD,Fed Chairman Bernanke Speaks,,2011-02-04,02:00,,,,"{""cutoff"": ""20-01-2026 20:56""}"
stale_missing_actual_dropped,USD::fed chairman bernanke speaks::none,USD,Fed Chairman Bernanke Speaks,,2011-02-18,21:00,,,,"{""cutoff"": ""20-01-2026 20:56""}"
stale_missing_actual_dropped,USD::fed chairman bernanke speaks::none,USD,Fed Chairman Bernanke Speaks,,2011-03-24,00:00,,,,"{""cutoff"": ""20-01-2026 20:56""}"
stale_missing_actual_dropped,USD::fed chairman bernanke speaks::none,USD,Fed Chairman Bernanke Speaks,,2011-04-05,07:15,,,,"{""cutoff"": ""20-01-2026 20:56""}"
stale_missing_actual_dropped,USD::fed chairman bernanke speaks::none,USD,Fed Chairman Bernanke Speaks,,2011-04-28,02:15,,,,"{""cutoff"": ""20-01-2026 20:56""}"
stale_missing_actual_dropped,USD::fed chairman bernanke speaks::none,USD,Fed Chairman Bernanke Speaks,,2011-04-30,00:30,,,,"{""cutoff"": ""20-01-2026 20:56""}"
stale_missing_actual_dropped,USD::fed chairman bernanke speaks::none,USD,Fed Chairman Bernanke Speaks,,2011-05-05,21:30,,,,"{""cutoff"": ""20-01-2026 20:56""}"
stale_missing_actual_dropped,USD::fed chairman bernanke speaks::none,USD,Fed Chairman Bernanke Speaks,,2011-05-16,21:00,,,,"{""cutoff"": ""20-01-2026 20:56""}"
stale_missing_actual_dropped,USD::fed chairman bernanke speaks::none,USD,Fed Chairman Bernanke Speaks,,2011-06-08,03:45,,,,"{""cutoff"": ""20-01-2026 20:56""}"
stale_missing_actual_dropped,USD::fed chairman bernanke speaks::none,USD,Fed Chairman Bernanke Speaks,,2011-06-15,02:30,,,,"{""cutoff"": ""20-01-2026 20:56""}"
stale_missing_actual_dropped,USD::fed chairman bernanke speaks::none,USD,Fed Chairman Bernanke Speaks,,2011-06-23,02:15,,,,"{""cutoff"": ""20-01-2026 20:56""}"
stale_missing_actual_dropped,USD::fed chairman bernanke speaks::none,USD,Fed Chairman Bernanke Speaks,,2011-08-26,22:00,,,,"{""cutoff"": ""20-01-2026 20:56""}"
stale_missing_actual_dropped,USD::fed chairman bernanke speaks::none,USD,Fed Chairman Bernanke Speaks,,2011-09-09,01:30,,,,"{""cutoff"": ""20-01-2026 20:56""}"
stale_missing_actual_dropped,USD::fed chairman bernanke speaks::none,USD,Fed Chairman Bernanke Speaks,,2011-09-15,20:45,,,,"{""cutoff"": ""20-01-2026 20:56""}"
stale_missing_actual_dropped,USD::fed chairman bernanke speaks::none,USD,Fed Chairman Bernanke Speaks,,2011-09-29,05:00,,,,"{""cutoff"": ""20-01-2026 20:56""}"
stale_missing_actual_dropped,USD::fed chairman bernanke speaks::none,USD,Fed Chairman Bernanke Speaks,,2011-10-19,01:15,,,,"{""cutoff"": ""20-01-2026 20:56""}"
stale_missing_actual_dropped,USD::fed chairman bernanke speaks::none,USD,Fed Chairman Bernanke Speaks,,2011-11-03,02:15,,,,"{""cutoff"": ""20-01-2026 20:56""}"
stale_missing_actual_dropped,USD::fed chairman bernanke speaks::none,USD,Fed Chairman Bernanke Speaks,,2011-11-09,22:30,,,,"{""cutoff"": ""20-01-2026 20:56""}"
stale_missing_actual_dropped,USD::fed chairman bernanke speaks::none,USD,Fed Chairman Bernanke Speaks,,2011-11-11,00:45,,,,"{""cutoff"": ""20-01-2026 20:56""}"
stale_missing_actual_dropped,USD::beige book::none,USD,Beige Book,,2011-01-13,03:00,,,,"{""cutoff"": ""20-01-2026 20:56""}"
stale_missing_actual_dropped,USD::beige book::none,USD,Beige Book,,2011-03-03,03:00,,,,"{""cutoff"": ""20-01-2026 20:56""}"
stale_missing_actual_dropped,USD::beige book::none,USD,Beige Book,,2011-04-14,02:00,,,,"{""cutoff"": ""20-01-2026 20:56""}"
stale_missing_actual_dropped,USD::beige book::none,USD,Beige Book,,2011-06-09,02:00,,,,"{""cutoff"": ""20-01-2026 20:56""}"
stale_missing_actual_dropped,USD::beige book::none,USD,Beige Book,,2011-07-28,02:00,,,,"{""cutoff"": ""20-01-2026 20:56""}"
stale_missing_actual_dropped,USD::beige book::none,USD,Beige Book,,2011-09-08,02:00,,,,"{""cutoff"": ""20-01-2026 20:56""}"
stale_missing_actual_dropped,USD::beige book::none,USD,Beige Book,,2011-10-20,02:00,,,,"{""cutoff"": ""20-01-2026 20:56""}"
stale_missing_actual_dropped,USD::beige book::none,USD,Beige Book,,2011-12-01,03:00,,,,"{""cutoff"": ""20-01-2026 20:56""}"
stale_missing_actual_dropped,JPY::monetary policy meeting minutes::none,JPY,Monetary Policy Meeting Minutes,,2011-01-28,07:50,,,,"{""cutoff"": ""20-01-2026 20:56""}"
stale_missing_actual_dropped,JPY::monetary policy meeting minutes::none,JPY,Monetary Policy Meeting Minutes,,2011-02-18,07:50,,,,"{""cutoff"": ""20-01-2026 20:56""}"
stale_missing_actual_dropped,JPY::monetary policy meeting minutes::none,JPY,Monetary Policy Meeting Minutes,,2011-03-18,07:50,,,,"{""cutoff"": ""20-01-2026 20:56""}"
stale_missing_actual_dropped,JPY::monetary policy meeting minutes::none,JPY,Monetary Policy Meeting Minutes,,2011-04-12,07:50,,,,"{""cutoff"": ""20-01-2026 20:56""}"
stale_missing_actual_dropped,JPY::monetary policy meeting minutes::none,JPY,Monetary Policy Meeting Minutes,,2011-05-09,07:50,,,,"{""cutoff"": ""20-01-2026 20:56""}"
stale_missing_actual_dropped,JPY::monetary policy meeting minutes::none,JPY,Monetary Policy Meeting Minutes,,2011-05-25,07:50,,,,"{""cutoff"": ""20-01-2026 20:56""}"
stale_missing_actual_dropped,JPY::monetary policy meeting minutes::none,JPY,Monetary Policy Meeting Minutes,,2011-06-17,07:50,,,,"{""cutoff"": ""20-01-2026 20:56""}"
stale_missing_actual_dropped,JPY::monetary policy meeting minutes::none,JPY,Monetary Policy Meeting Minutes,,2011-07-15,07:50,,,,"{""cutoff"": ""20-01-2026 20:56""}"
stale_missing_actual_dropped,JPY::monetary policy meeting minutes::none,JPY,Monetary Policy Meeting Minutes,,2011-08-09,07:50,,,,"{""cutoff"": ""20-01-2026 20:56""}"
stale_missing_actual_dropped,JPY::monetary policy meeting minutes::none,JPY,Monetary Policy Meeting Minutes,,2011-09-12,07:50,,,,"{""cutoff"": ""20-01-2026 20:56""}"
stale_missing_actual_dropped,JPY::monetary policy meeting minutes::none,JPY,Monetary Policy Meeting Minutes,,2011-10-13,07:50,,,,"{""cutoff"": ""20-01-2026 20:56""}"
stale_missing_actual_dropped,JPY::monetary policy meeting minutes::none,JPY,Monetary Policy Meeting Minutes,,2011-11-01,07:50,,,,"{""cutoff"": ""20-01-2026 20:56""}"
stale_missing_actual_dropped,JPY::monetary policy meeting minutes::none,JPY,Monetary Policy Meeting Minutes,,2011-11-21,07:50,,,,"{""cutoff"": ""20-01-2026 20:56""}"
stale_missing_actual_dropped,JPY::monetary policy meeting minutes::none,JPY,Monetary Policy Meeting Minutes,,2011-12-27,07:50,,,,"{""cutoff"": ""20-01-2026 20:56""}"
stale_missing_actual_dropped,USD::fomc meeting minutes::none,USD,FOMC Meeting Minutes,,2011-01-05,03:00,,,,"{""cutoff"": ""20-01-2026 20:56""}"
stale_missing_actual_dropped,USD::fomc meeting minutes::none,USD,FOMC Meeting Minutes,,2011-02-17,03:00,,,,"{""cutoff"": ""20-01-2026 20:56""}"
stale_missing_actual_dropped,USD::fomc meeting minutes::none,USD,FOMC Meeting Minutes,,2011-04-06,02:00,,,,"{""cutoff"": ""20-01-2026 20:56""}"
stale_missing_actual_dropped,USD::fomc meeting minutes::none,USD,FOMC Meeting Minutes,,2011-05-19,02:00,,,,"{""cutoff"": ""20-01-2026 20:56""}"
stale_missing_actual_dropped,USD::fomc meeting minutes::none,USD,FOMC Meeting Minutes,,2011-07-13,02:00,,,,"{""cutoff"": ""20-01-2026 20:56""}"
stale_missing_actual_dropped,USD::fomc meeting minutes::none,USD,FOMC Meeting Minutes,,2011-08-31,02:00,,,,"{""cutoff"": ""20-01-2026 20:56""}"
stale_missing_actual_dropped,USD::fomc meeting minutes::none,USD,FOMC Meeting Minutes,,2011-10-13,02:00,,,,"{""cutoff"": ""20-01-2026 20:56""}"
stale_missing_actual_dropped,USD::fomc meeting minutes::none,USD,FOMC Meeting Minutes,,2011-11-23,03:00,,,,"{""cutoff"": ""20-01-2026 20:56""}"
stale_missing_actual_dropped,AUD::rba bulletin::none,AUD,RBA Bulletin,,2011-03-17,08:30,,,,"{""cutoff"": ""20-01-2026 20:56""}"
stale_missing_actual_dropped,AUD::rba bulletin::none,AUD,RBA Bulletin,,2011-06-16,09:30,,,,"{""cutoff"": ""20-01-2026 20:56""}"
stale_missing_actual_dropped,AUD::rba bulletin::none,AUD,RBA Bulletin,,2011-09-15,09:30,,,,"{""cutoff"": ""20-01-2026 20:56""}"
stale_missing_actual_dropped,AUD::rba bulletin::none,AUD,RBA Bulletin,,2011-12-15,08:30,,,,"{""cutoff"": ""20-01-2026 20:56""}"
stale_missing_actual_dropped,GBP::boe mpc member sentance speaks::none,GBP,BoE MPC Member Sentance Speaks,,2011-01-25,02:00,,,,"{""cutoff"": ""20-01-2026 20:56""}"
stale_missing_actual_dropped,GBP::boe mpc member sentance speaks::none,GBP,BoE MPC Member Sentance Speaks,,2011-02-17,17:35,,,,"{""cutoff"": ""20-01-2026 20:56""}"
stale_missing_actual_dropped,GBP::boe mpc member sentance speaks::none,GBP,BoE MPC Member Sentance Speaks,,2011-03-22,22:00,,,,"{""cutoff"": ""20-01-2026 20:56""}"
stale_missing_actual_dropped,GBP::boe mpc member sentance speaks::none,GBP,BoE MPC Member Sentance Speaks,,2011-03-23,02:00,,,,"{""cutoff"": ""20-01-2026 20:56""}"
stale_missing_actual_dropped,GBP::boe mpc member sentance speaks::none,GBP,BoE MPC Member Sentance Speaks,,2011-04-26,20:50,,,,"{""cutoff"": ""20-01-2026 20:56""}"
stale_missing_actual_dropped,GBP::boe mpc member sentance speaks::none,GBP,BoE MPC Member Sentance Speaks,,2011-05-25,20:40,,,,"{""cutoff"": ""20-01-2026 20:56""}"
stale_missing_actual_dropped,CHF::snb board member jordan speaks::none,CHF,SNB Board Member Jordan Speaks,,2011-01-13,02:00,,,,"{""cutoff"": ""20-01-2026 20:56""}"
stale_missing_actual_dropped,CHF::snb board member jordan speaks::none,CHF,SNB Board Member Jordan Speaks,,2011-02-02,00:30,,,,"{""cutoff"": ""20-01-2026 20:56""}"
stale_missing_actual_dropped,CHF::snb board member jordan speaks::none,CHF,SNB Board Member Jordan Speaks,,2011-05-18,00:30,,,,"{""cutoff"": ""20-01-2026 20:56""}"
stale_missing_actual_dropped,CHF::snb board member jordan speaks::none,CHF,SNB Board Member Jordan Speaks,,2011-09-29,01:15,,,,"{""cutoff"": ""20-01-2026 20:56""}"
stale_missing_actual_dropped,CHF::snb board member jordan speaks::none,CHF,SNB Board Member Jordan Speaks,,2011-11-08,01:45,,,,"{""cutoff"": ""20-01-2026 20:56""}"
stale_missing_actual_dropped,CHF::snb board member jordan speaks::none,CHF,SNB Board Member Jordan Speaks,,2011-11-08,17:40,,,,"{""cutoff"": ""20-01-2026 20:56""}"
stale_missing_actual_dropped,JPY::boj monthly report::none,JPY,BoJ Monthly Report,,2011-01-26,13:00,,,,"{""cutoff"": ""20-01-2026 20:56""}"
stale_missing_actual_dropped,JPY::boj monthly report::none,JPY,BoJ Monthly Report,,2011-02-16,13:00,,,,"{""cutoff"": ""20-01-2026 20:56""}"
stale_missing_actual_dropped,JPY::boj monthly report::none,JPY,BoJ Monthly Report,,2011-03-16,13:00,,,,"{""cutoff"": ""20-01-2026 20:56""}"
stale_missing_actual_dropped,JPY::boj monthly report::none,JPY,BoJ Monthly Report,,2011-04-08,13:00,,,,"{""cutoff"": ""20-01-2026 20:56""}"
stale_missing_actual_dropped,JPY::boj monthly report::none,JPY,BoJ Monthly Report,,2011-05-23,13:00,,,,"{""cutoff"": ""20-01-2026 20:56""}"
stale_missing_actual_dropped,JPY::boj monthly report::none,JPY,BoJ Monthly Report,,2011-06-15,13:00,,,,"{""cutoff"": ""20-01-2026 20:56""}"
stale_missing_actual_dropped,JPY::boj monthly report::none,JPY,BoJ Monthly Report,,2011-07-13,13:00,,,,"{""cutoff"": ""20-01-2026 20:56""}"
stale_missing_actual_dropped,JPY::boj monthly report::none,JPY,BoJ Monthly Report,,2011-08-05,13:00,,,,"{""cutoff"": ""20-01-2026 20:56""}"
stale_missing_actual_dropped,JPY::boj monthly report::none,JPY,BoJ Monthly Report,,2011-09-08,13:00,,,,"{""cutoff"": ""20-01-2026 20:56""}"
stale_missing_actual_dropped,JPY::boj monthly report::none,JPY,BoJ Monthly Report,,2011-10-11,13:00,,,,"{""cutoff"": ""20-01-2026 20:56""}"
stale_missing_actual_dropped,JPY::boj monthly report::none,JPY,BoJ Monthly Report,,2011-11-17,13:00,,,,"{""cutoff"": ""20-01-2026 20:56""}"
stale_missing_actual_dropped,JPY::boj monthly report::none,JPY,BoJ Monthly Report,,2011-12-22,13:00,,,,"{""cutoff"": ""20-01-2026 20:56""}"
stale_missing_actual_dropped,EUR::german new motor sales::y/y,EUR,German New Motor Sales (YoY),,2011-09-02,21:30,,,,"{""cutoff"": ""20-01-2026 20:56""}"
